id,正文,原始图片url,视频url,位置,日期,工具,点赞数,评论数,转发数,话题,@用户
4403163781702586,还没开学就遇到一群小仙女们真的太开心了话说明天郑州大学选宿舍这个操作实在是厉害还没开学就迎来第一次紧张手速手速我明天要早起去网吧了#早起选宿舍# ,"https://wx4.sinaimg.cn/large/c018fc7cly1g5spfnodsbj20u01hc7n4.jpg,https://wx1.sinaimg.cn/large/c018fc7cly1g5spfo174wj20u01hc1c1.jpg,https://wx3.sinaimg.cn/large/c018fc7cly1g5spfoco39j20u01hctr4.jpg",,,2019-08-08,荣耀V9 我想要的快,2,0,0,早起选宿舍,
4402405246593464,#95后恋爱报告发布#谈恋爱这么花钱吗？不懂不懂所以国家什么时候会分配对象？ ,,,,2019-08-06,荣耀V9 我想要的快,2,0,0,95后恋爱报告发布,
4401591803008381,我每次去健身房 随便摸个防晒霜 穿个防晒衣就去了 还经常性穿个运动马裤 丝毫不在乎自己是不是会被晒黑刚刚在来健身房的路上 看到一个姑娘 我的天 防护的那叫一个严实 全身上下唯一露出来的眼睛都还有墨镜 真是自愧不如难怪曾同学说半个月之前见我和现在见我不是一个色唉 突然对比一下 发现自己真的黑了好多曾同学昨天回学校了 我说下次去南京见他的时候我一定会白回来的 总不可能比他黑结果曾同学回复我说不可能 因为他天天呆实验室 我天天晒太阳☀️我还就不信了不过说实话啊 真心没有底气希望下次曾同学见我不会吐槽我黑,"https://wx2.sinaimg.cn/large/c018fc7cly1g5novfkad9j20hs0hi401.jpg,https://wx2.sinaimg.cn/large/c018fc7cly1g5novg54pqj20fs0eh0tf.jpg,https://wx3.sinaimg.cn/large/c018fc7cly1g5novhoo2bj20k00k0mxz.jpg",,,2019-08-04,荣耀V9 我想要的快,1,2,0,,
4398275190625549,哇哇哇哇 完全被荆州之光李现同学圈粉从睡在我上铺的兄弟开始关注他#睡在我上铺的兄弟# 然后是小河神郭得友#河神# 现在又是亲爱的热爱的GUN神#亲爱的热爱的# 可甜可酷平时穿搭就跟邻家大男孩一样 白T短裤球鞋现在终于是大火了不过每次看韩商言 都会被他的腮帮子笑倒不知道到底是吹萨克斯🎷吹的 还是健身吃鸡胸肉嚼的同为荆州老乡 实在是上头上头我又成功换了个男朋友啦  哈哈哈哈真的是一个剧一个男朋友啊@李现ing,"https://wx4.sinaimg.cn/large/c018fc7cly1g5d40rbya4j20rs4mo1kx.jpg,https://wx1.sinaimg.cn/large/c018fc7cly1g5d40wem72j20rs3fqnp9.jpg,https://wx2.sinaimg.cn/large/c018fc7cly1g5d412gcycj20rs4mo1h8.jpg,https://wx3.sinaimg.cn/large/c018fc7cly1g5d4196d52j20rs4mpqu0.jpg,https://wx4.sinaimg.cn/large/c018fc7cly1g5d41arbxkj20rs2rkak6.jpg,https://wx1.sinaimg.cn/large/c018fc7cly1g5d41b8u3lj21120kumy5.jpg,https://wx3.sinaimg.cn/large/c018fc7cly1g5d41esz5vj21400u0aj3.jpg,https://wx3.sinaimg.cn/large/c018fc7cly1g5d41ffhlkj20ci0m8jse.jpg,https://wx2.sinaimg.cn/large/c018fc7cly1g5d41fxz9hj20gn0gnwex.jpg",,,2019-07-26,荣耀V9 我想要的快,6,2,1,"睡在我上铺的兄弟,河神,亲爱的热爱的",李现ing
4396879381493026,这个世界上 多的是稀奇古怪却又相当有缘的事就比如现在五分钟之前 在阿姨家旁边的超市他捡到了我不小心忘在辣条货架上的耳机五分钟之后 就是现在我被告知这是我的相亲对象突如其来 猝不及防一时语塞 无比尴尬 ,,,,2019-07-22,荣耀V9 我想要的快,3,6,0,,
4389026976667046,回家后的碎碎念1.感觉就只是像回来放个暑假 对八月底即将到来的新环境有点怕呢 不知道大家是否还一样的有爱 不知道会不会适应得好 不知道会不会碰到尴尬的人或事 没办法安慰自己 只能惴惴不安的期待着2.回来几天没有起过早床 感觉每天都有无数的觉要睡 不知道是不是感冒的缘故 每天都怏怏的 没什么精神 也有可能是毕业前的最后一点时间太累 加上病毒入侵 休息休息就好了吧3.家里面都是没有夜生活的 每天到八点多就开始洗澡睡觉 唉 总感觉一天都还没过完大家都要睡了 我一拖就只能一个人坐在客厅看电视 好无聊 好想念宿舍打打闹闹一直到十二点都还没睡的团建时光 在家里睡这么早的情况下 我的黑眼圈还是没有消4.最近没有什么剧可以看了 #少年派# 少年派看不下去了 #动物管理局# 动物管理局倒是不错 应该是能看完的 就是没有一部剧能让我有强烈的追下去的欲望 唉 再找找吧5.每个暑假我都给自己列了好多计划 每个暑假都没完成 今年我只给自己列了两个计划 第一是报班学游泳 我要掌握一项生存技能 第二是好好学韩语 毕竟还想出国玩 加油加油哈 努力完成一项也是不错的 毕竟游泳班订金都付了 南方的孩子还是要学会游泳6.今天吃了蛇肉 想起河南不吃蛇肉 还拍照给河南的孩子们看  吓吓她们7.今天看空间里有人秀恩爱 以往都会有无数感慨 这次倒是很平静 心里目标很清晰 也许是有更重要的事要做吧 觉得自己也可以变得很好 顺其自然就好8.说起少年派 我其实不羡慕林妙妙有钱三一 因为现实生活中很难有 但却很羡慕蒋昱文和裴音的爱情#期待裴音蒋昱文的爱情# 感觉知己一般的爱情才是我更向往的 互相欣赏 互相独立 在一起又如此舒服 哎呀呀 希望以后我也能如此优秀呀9.明天要开始过独居生活 父母出门 可以在家好好养病 浪里个浪10.赶快好起来  然后去游泳 去热爱我的生活biubiubiu 荆州 · 监利县,,,荆州 · 监利县,2019-06-30,荣耀V9 我想要的快,4,1,1,"少年派,动物管理局,期待裴音蒋昱文的爱情",
4388647480244592,没想到回家的第一个礼物就是感冒发烧流鼻涕鼻塞头疼喉咙痛唉 荆州 ,,,荆州,2019-06-29,荣耀V9 我想要的快,0,0,0,,
4384327699372364,我对毕业季最大的感慨不是离别感伤不是解放欢乐而是  我为什么这么忙每天有十几件事要做天天熬到半夜精疲力尽快睡着的时候还要挣扎着爬起来每天都像在打仗心累 郑州·郑州轻院第二学生园区,"https://wx1.sinaimg.cn/large/c018fc7cly1g44m6jrm2aj20fs0ehgmf.jpg,https://wx3.sinaimg.cn/large/c018fc7cly1g44m6k0xe0j20k00f00ty.jpg,https://wx1.sinaimg.cn/large/c018fc7cly1g44m6k547qj20k00ipaaw.jpg",,郑州·郑州轻院第二学生园区,2019-06-18,荣耀V9 我想要的快,4,1,0,,
4382403206385682,最近总碰到这样的事共勉 郑州·郑州轻工业学院图书馆 ,https://wx2.sinaimg.cn/large/c018fc7cly1g3yh5l1jsfj20u01m3do1.jpg,,郑州·郑州轻工业学院图书馆,2019-06-12,荣耀V9 我想要的快,1,1,0,,
4381791652064557,嘿嘿嘿 谁还不是被家里宠大的小公主话里的冷嘲热讽小公主都能听懂小公主不说是因为小公主懒吧哈哈哈哈但千万别忘了哦小公主不发威 别当小公主是皮卡丘呀[加油][加油][加油][加油] 郑州·郑州轻院第二学生园区 ,,,郑州·郑州轻院第二学生园区,2019-06-11,荣耀V9 我想要的快,4,1,0,,
4381084525405398,希望这是熬夜改论文的最后一天不说了 我真的累了我要睡了 郑州·郑州轻院第二学生园区 ,https://wx4.sinaimg.cn/large/c018fc7cly1g3u9prm2v1j23282ao1l4.jpg,,郑州·郑州轻院第二学生园区,2019-06-09,荣耀V9 我想要的快,5,3,0,,
4380721545939755,端午节宿舍团建完美收官改日再战[加油][加油][加油][加油]🀄️🀄️🀄️ 郑州·郑州轻院第二学生园区 ,https://wx4.sinaimg.cn/large/c018fc7cly1g3t3zmnliij20u00u014m.jpg,,郑州·郑州轻院第二学生园区,2019-06-08,荣耀V9 我想要的快,0,1,0,,
4376913205673264,卧槽 真是哔了狗我只能说 谣言杀不死我 只会使我更强大而你只会永远活在阴暗角落里瑟瑟发抖不见天日 ,,,,2019-05-28,荣耀V9 我想要的快,1,0,0,,
4376773573886410,愿忐忑焦躁失望远走愿你能笑能闹能随性愿你敢爱敢恨敢追逐愿你明朗活泼常欢乐愿你还如初见模样过去的自己 辛苦啦 ,,,,2019-05-28,荣耀V9 我想要的快,3,0,0,,
4376361680479405,#夏天美甲大赛#我也来凑一下热闹超爱我新做的美甲的 ,"https://wx3.sinaimg.cn/large/c018fc7cly1g3f7anj0n6j22c02c04qq.jpg,https://wx2.sinaimg.cn/large/c018fc7cly1g3f7b1x8n2j22c02c0npe.jpg,https://wx1.sinaimg.cn/large/c018fc7cly1g3f7aud9tuj22c02c04qq.jpg,https://wx4.sinaimg.cn/large/c018fc7cly1g3f7araqwzj22c02c0e82.jpg,https://wx1.sinaimg.cn/large/c018fc7cly1g3f7b3ejn7j206o06ojrc.jpg,https://wx3.sinaimg.cn/large/c018fc7cly1g3f7ay5vpfj22c02c0e82.jpg",,,2019-05-27,荣耀V9 我想要的快,2,1,0,夏天美甲大赛,
4376023162127066,你要的全拿走你要的全拿走晚上睡不着可以单曲循环还有许嵩素颜断桥残雪这些都是久远的回忆啊最近真的超爱超爱胡彦斌的宝藏男人啊啊啊啊啊啊啊 ,,,,2019-05-26,荣耀V9 我想要的快,3,0,1,,
4375970792420225,分享今日游戏趣事剩下九个人  我和另外两队人然后我就亲眼看着两辆车八个人在我面前五米开外打起来了然后 离我近的这一队有三个人被击倒了 剩下一个队友 扔了三个烟雾弹 准备救援就在这个时候 五米开外趴着的我 举起了自己的枪 对准那个唯一活着的人 邦邦邦邦 四枪搞定然后看着华丽丽四个人死在我面前哈哈哈哈哈哈哈哈 相当于我弄死了四个虽然忘记了给那三个倒下的补一枪弄人头但我还是觉得自己是大佬当然 忽略我打枪暴露位置最后被一枪狙头 得了第二 郑州·郑州轻院第二学生园区,"https://wx1.sinaimg.cn/large/c018fc7cly1g3dy66hcz7j206o06ojrc.jpg,https://wx3.sinaimg.cn/large/c018fc7cly1g3dy66so40j20jg0jgdgd.jpg,https://wx2.sinaimg.cn/large/c018fc7cly1g3dy678xqyj20jg0jggmc.jpg",,郑州·郑州轻院第二学生园区,2019-05-25,荣耀V9 我想要的快,1,0,0,,
4375503668774929,拥有你便不再喜欢星辰大海 #春夏美甲##是我超爱的绿色系呀# 郑州·郑州轻院第二学生园区 ,"https://wx2.sinaimg.cn/large/c018fc7cly1g3cgnu44cij22c02c04qq.jpg,https://wx1.sinaimg.cn/large/c018fc7cly1g3cgo09j42j22c02c04qq.jpg,https://wx2.sinaimg.cn/large/c018fc7cly1g3cgo3rev2j22c02c0npe.jpg,https://wx2.sinaimg.cn/large/c018fc7cly1g3cgnx5v43j22c02c0e82.jpg,https://wx2.sinaimg.cn/large/c018fc7cly1g3cgpqzehzj20fk0fkmy8.jpg,https://wx2.sinaimg.cn/large/c018fc7cly1g3cgo7lp6rj22c02c0e82.jpg",,郑州·郑州轻院第二学生园区,2019-05-24,荣耀V9 我想要的快,3,0,0,"春夏美甲,是我超爱的绿色系呀",
4375279637729792,比赛比完了 值得开心论文三稿进行中“十佳毕业生”也拿到了但是 今天游戏非常不爽 玩的太不爽了憋屈#和平精英# 我是不是今晚跟游戏犯冲？ 郑州·郑州轻院第二学生园区 ,"https://wx1.sinaimg.cn/large/c018fc7cly1g3br0f0ecgj21120ku0u5.jpg,https://wx3.sinaimg.cn/large/c018fc7cly1g3br0fk6faj20hs0hidhk.jpg,https://wx4.sinaimg.cn/large/c018fc7cly1g3br0ldutbj21hc0u00zc.jpg",,郑州·郑州轻院第二学生园区,2019-05-24,荣耀V9 我想要的快,1,0,0,和平精英,
4374176054008250,纪念一下713宿舍的520三个单身狗一起吃鸡 太憋屈了 打了好几局 落地成盒 掉了不少分 生气大家都不过520的嘛 干嘛都在玩游戏520为啥这么不友好唯一的一个非单身人士能能同学 躺着打电话☎️那叫一个甜啊啊啊啊啊纪念一下713宿舍520经典对话L:大瑶，把你的灯关一下Y（转头微微一笑）不，是你的灯。 郑州·郑州轻院第二学生园区,,,郑州·郑州轻院第二学生园区,2019-05-21,荣耀V9 我想要的快,1,2,0,,
4373816803763518,我的二稿终于改完了 好想骂脏话呀虽然没有顾未易那样的男朋友帮忙分析但是我终于改完了好开心啊 郑州·郑州轻院第二学生园区 ,"https://wx4.sinaimg.cn/large/c018fc7cly1g372w7bq3uj20io06at8m.jpg,https://wx1.sinaimg.cn/large/c018fc7cly1g372w7sayqj21120kuju0.jpg,https://wx2.sinaimg.cn/large/c018fc7cly1g372w85sioj21120ku0u5.jpg",,郑州·郑州轻院第二学生园区,2019-05-20,荣耀V9 我想要的快,1,1,0,,
4373031529235477,生气在队友都死完的情况下 我坚强的挺到还有12个人突然听见车声转身 一个人从车上下来 拿着平底锅左右开拍既然把我弄死了平底锅啊啊啊啊啊啊啊啊啊 我还拿着枪呢我不服 郑州·郑州轻院第二学生园区 ,,,郑州·郑州轻院第二学生园区,2019-05-17,荣耀V9 我想要的快,0,1,0,,
4372393050442873,分享今日喜悦 （哦不 昨天）1.才入和平精英这个游戏没几天 等级升的很快 这倒是让我很开心 当初玩飞车的时候 一到黄金升铂金 排位赛就开始掉分 拿不到前三就掉分 唉 玩的我都不喜欢排位了 这个游戏倒是蛮好 虽然才入坑 也经常变成盒子精 也慢慢会玩一点了2.队友跳伞然后落在树上 下地摔成红 真的要被笑死3.找东西的时候永远不自觉就开了枪 每次都能把自己和队友吓个半死 真是除了我也没谁了4.室友在门口开门 然后我就冲进去了 捡了枪 然后就无意识的抢了室友的5.有个带玩的小哥哥没有玩 观战我的比赛 还不停的给我发微信 装子弹 看左边 有空投6.虽然小哥哥观战的那局我们还是死了 死在被包围 太集中 太悲催了7.小哥哥技术不错 今晚玩了两局体验蛮好的我记得我在12点的时候说 我就玩一局 然后我洗洗澡写论文 结果一不小心玩到快一点半 然后我还是要改改论文 毕竟明天要见老师啊 郑州·郑州轻院第二学生园区,"https://wx2.sinaimg.cn/large/c018fc7cly1g32jijdethj20cb08cgnc.jpg,https://wx2.sinaimg.cn/large/c018fc7cly1g32jik54ivj20fk0fkmy8.jpg,https://wx3.sinaimg.cn/large/c018fc7cly1g32jijs1v6j20fs0ehgmf.jpg",,郑州·郑州轻院第二学生园区,2019-05-16,荣耀V9 我想要的快,1,1,0,,
4370188386315931,校“十佳毕业生”比赛结束啦抽到15号  蛮好的  蛮满意与其说我去参赛 不如说我去围观神仙打架我们学校真的有太多优秀的人了今天认识了超nice的小哥哥 超腻害的小姐姐小哥哥是河南省什么主席 管理高校大学生什么的小姐姐核心期刊 国家专利 CEO 特等奖什么的本来还觉得我这四年蛮好的 在我心里很 ...全文,"https://wx3.sinaimg.cn/large/c018fc7cly1g2vi7lwb7oj21z41hc1bc.jpg,https://wx1.sinaimg.cn/large/c018fc7cly1g2vi7mhrm1j21hc1z4e81.jpg,https://wx3.sinaimg.cn/large/c018fc7cly1g2vi8ncrfmj20u0140kai.jpg,https://wx2.sinaimg.cn/large/c018fc7cly1g2viao029kj20u01hctjy.jpg,https://wx1.sinaimg.cn/large/c018fc7cly1g2vi7ngvf0j23282aokjm.jpg,https://wx4.sinaimg.cn/large/c018fc7cly1g2vi7wl9ahj22ao328npe.jpg",,,2019-05-09,荣耀V9 我想要的快,26,5,0,,
4368743373120276,1.人只要一忙起来 就什么都不会想了成功的get到了这句话 毕竟最近也是忙的昏天黑地的2.最近有点信星座 坚信金牛座的自己本月一定会有好运气不说心想事成 至少万事如意吧3.最近很喜欢一个小姐姐她帮我分析情感和三观还有金牛和摩羯在大家都跟我说星座是小孩子才会信的时候，她了解我想说什么 并且给我鼓励 很开心  她也是郑州的 哈哈哈4.室友近期循环   你给我听好  我近期循环  Let me love you（段奥娟版）5.等我忙完了就给近期做个总结 毕竟还有很好看的毕业照啊 郑州·郑州轻院第二学生园区,"https://wx3.sinaimg.cn/large/c018fc7cly1g2qwbj4j46j23282ao7wl.jpg,https://wx3.sinaimg.cn/large/c018fc7cly1g2qwbkihxnj20u01hcgu9.jpg,https://wx4.sinaimg.cn/large/c018fc7cly1g2qwblcpf2j20u01hcwoy.jpg,https://wx4.sinaimg.cn/large/c018fc7cly1g2qwbmbhvpj23282aoqhj.jpg,https://wx2.sinaimg.cn/large/c018fc7cly1g2qwbnuxtrj20u0140qn1.jpg,https://wx2.sinaimg.cn/large/c018fc7cly1g2qwbp2dj7j20u01407r0.jpg,https://wx3.sinaimg.cn/large/c018fc7cly1g2qwbth36jj20zk1r97wh.jpg,https://wx1.sinaimg.cn/large/c018fc7cly1g2qwbqo2kwj21400u0kdg.jpg,https://wx2.sinaimg.cn/large/c018fc7cly1g2qwbrsdi8j20u0140njl.jpg",,郑州·郑州轻院第二学生园区,2019-05-06,荣耀V9 我想要的快,3,1,0,,
4365859860414146,又是熬夜PPT的一天最近好像一直在熬夜 不是忙着这事 就是忙着那事弄得现在黑眼圈重 皮肤贼差 还一直长痘这两天还要拍毕业照不说了  我要赶紧做了争取3点之前能睡明早还要早起 明天还要忙一天后天也要忙一天啊啊啊啊 后天过了我一定要睡一个痛痛快快的觉 郑州·郑州轻院第二学生园区,https://wx1.sinaimg.cn/large/c018fc7cly1g2hp5tyk42j215c15cu0x.jpg,,郑州·郑州轻院第二学生园区,2019-04-28,荣耀V9 我想要的快,3,3,0,,
4365094877693170,准备 开挂 一样的闯关吧1.教师资格证认定 报名 体检2.明天6点前  演讲稿 PPT准备好 3.27号交接衣服 收钱4.29号毕业照5.毕业论文（目前只写了2000多字）五一放假结束交6.职业生涯规划演讲稿 PPT （五一之前必须弄完）7.两个演讲稿 PPT 修改 定稿 排练 背稿8.5月9号演讲哇哦  谁说毕业生很闲的？,"https://wx4.sinaimg.cn/large/c018fc7cly1g2f9bbd3s5j20u0140txr.jpg,https://wx3.sinaimg.cn/large/c018fc7cly1g2f9aen3gjj20c80ahdfy.jpg,https://wx1.sinaimg.cn/large/c018fc7cly1g2f9bgxpa2j20u0140x2f.jpg",,,2019-04-25,荣耀V9 我想要的快,2,0,0,,
4362455716642820,杨天真说 过生日要穿蓬蓬裙啊哦  然后我就穿了小裙子啊👗今年要毕业了感慨 又长大了啊生日快乐呀愿以后能笑能闹能随性敢爱敢恨敢追逐 ,"https://wx1.sinaimg.cn/large/c018fc7cly1g26u2w160vj20eg0eggli.jpg,https://wx3.sinaimg.cn/large/c018fc7cly1g26u2xrc4kj21z41hc4qp.jpg,https://wx3.sinaimg.cn/large/c018fc7cly1g26u2wg254j20eg0eg3yf.jpg,https://wx1.sinaimg.cn/large/c018fc7cly1g26u4bqvfyj20u01407m7.jpg,https://wx2.sinaimg.cn/large/c018fc7cly1g26u2ydaxoj21z41hchd6.jpg,https://wx4.sinaimg.cn/large/c018fc7cly1g26u3wjc2wj20u0140wyw.jpg,https://wx1.sinaimg.cn/large/c018fc7cly1g26u2z0fe3j20eg0egjra.jpg,https://wx1.sinaimg.cn/large/c018fc7cly1g26u2wz63uj21z41hcnl5.jpg,https://wx3.sinaimg.cn/large/c018fc7cly1g26u2yv14gj20eg0egq2u.jpg",,,2019-04-18,荣耀V9 我想要的快,4,0,0,,
4359464783469100,是的 今年下半年 我准备再刷一遍六级感觉自己六级分有点低了 ,,,,2019-04-10,荣耀V9 我想要的快,1,1,0,,
4359304720924509,谈谈最近的几件事1.很好看高颜值的自行车🚲 超爱超爱2.月中会有一次疯狂 只想看看自己的想法 敢不敢3.我还很年轻 要追求自己想要的 勇敢舍弃自己不需要的 不用患得患失 不用担惊受怕4.我会努力改变自己的方式 变得率真豁达一点5.七七八八玩玩闹闹该散就散了吧6.想联系我就联系 想见的人我就会见 不想再唯唯诺诺发消息 不想再心累 不联系拉倒7.年轻人 就要多拍照片 尤其是自拍（因为发现自己之前照片太少）8.下次见面吐槽lnn的嘟嘴和剪刀手9.实名吐槽青春斗  向真真的好作啊10.突然感觉自己之前也满作的  得改得改11.尘埃落定 抓紧时间写论文啊 郑州·郑州轻院第二学生园区,"https://wx2.sinaimg.cn/large/c018fc7cly1g1wsa7s8r5j23282ao4qr.jpg,https://wx2.sinaimg.cn/large/c018fc7cly1g1wsa8bcsfj20j60gyjra.jpg,https://wx3.sinaimg.cn/large/c018fc7cly1g1wsa95rx2j20k00k044v.jpg,https://wx1.sinaimg.cn/large/c018fc7cly1g1wsa9kxa8j20u0140tda.jpg,https://wx2.sinaimg.cn/large/c018fc7cly1g1wsaaejaxj20j60j6t8q.jpg,https://wx2.sinaimg.cn/large/c018fc7cly1g1wsaa6f7wj205k05kaa7.jpg,https://wx3.sinaimg.cn/large/c018fc7cly1g1wsa8j4g9j20j60d6q3p.jpg,https://wx3.sinaimg.cn/large/c018fc7cly1g1wsa8qp9ij20j60i277s.jpg,https://wx3.sinaimg.cn/large/c018fc7cly1g1wsaa0tnqj20p60j6tah.jpg",,郑州·郑州轻院第二学生园区,2019-04-09,荣耀V9 我想要的快,0,0,0,,
4358107121207923,十点爬到下午三点二十成功登顶敲开心ヽ(○^㉨^)ﾉ♪ 网页链接 ,"https://wx4.sinaimg.cn/large/c018fc7cly1g1symwa5lwj23282aox6q.jpg,https://wx2.sinaimg.cn/large/c018fc7cly1g1syp0p9d4j22ao328qv7.jpg,https://wx1.sinaimg.cn/large/c018fc7cly1g1syrdbyx6j20u0140k72.jpg,https://wx2.sinaimg.cn/large/c018fc7cly1g1sypiusozj20u01404cw.jpg,https://wx1.sinaimg.cn/large/c018fc7cly1g1syqpcxp9j23282aox6p.jpg,https://wx2.sinaimg.cn/large/c018fc7cly1g1syqz6f59j21400u0k63.jpg,https://wx1.sinaimg.cn/large/c018fc7cly1g1syr7e8twj20u014016k.jpg,https://wx1.sinaimg.cn/large/c018fc7cly1g1syslwgjkj23282aou10.jpg,https://wx1.sinaimg.cn/large/c018fc7cly1g1systcqulj20u0140h74.jpg",,,2019-04-06,荣耀V9 我想要的快,3,0,0,,
4355585178480692,吃吃  喝喝  玩玩  拍拍 郑州·郑州大学新校区 ,"https://wx3.sinaimg.cn/large/c018fc7cly1g1kx53xmimj20u0140x11.jpg,https://wx3.sinaimg.cn/large/c018fc7cly1g1kx5i61kmj23282aoqv7.jpg,https://wx2.sinaimg.cn/large/c018fc7cly1g1kx59nl86j23282aoqv8.jpg,https://wx4.sinaimg.cn/large/c018fc7cly1g1kx5bggl9j20u0140qrz.jpg,https://wx4.sinaimg.cn/large/c018fc7cly1g1kx5ctdfqj20u0140njq.jpg,https://wx1.sinaimg.cn/large/c018fc7cly1g1kx5knjpkj20u0140e81.jpg",,郑州·郑州大学新校区,2019-03-30,荣耀V9 我想要的快,3,1,0,,
4355283608164254,我很开心  真的超级开心激动到哭了很长时间还好是个好结果会有新的篇章啦 郑州·郑州轻院第二学生园区 ,"https://wx1.sinaimg.cn/large/c018fc7cly1g1jyhqjng5j20es11641w.jpg,https://wx4.sinaimg.cn/large/c018fc7cly1g1jyhrgfa1j21400u0abo.jpg",,郑州·郑州轻院第二学生园区,2019-03-29,荣耀V9 我想要的快,4,0,0,,
4353808756657136,嗯the first day  passnexttwo days 郑州·郑州大学新校区 ,https://wx2.sinaimg.cn/large/c018fc7cly1g1f94ozv2kj23282aokjn.jpg,,郑州·郑州大学新校区,2019-03-25,荣耀V9 我想要的快,1,0,0,,
4353532712986892,敢相信吗？我一个睡眠质量超级好的人打雷下雨都叫不醒我初试照样睡得昏天黑地😂😂😂😂结果在此刻  八个小时过后就要参加复试的我因为紧张死都睡不着唉😔还是心理素质差啊！ 郑州·郑州轻院第二学生园区 ,,,郑州·郑州轻院第二学生园区,2019-03-25,荣耀V9 我想要的快,3,0,0,,
4350637318249344,就是有那种突如其来的想法啊想去看个电影然后火速和室友约好 定好时间 买好票收拾东西离开图书馆 奔去电影院本想借着电影大哭一场选了 比悲伤更悲伤的故事#比悲伤更悲伤的故事#电影后半段很感人 能听见周围默默的抽泣声但是貌似有点没戳到我的点没有想象中的那么悲伤😔 也没见想象中自己的眼泪不得不说 电影的结局有点出人意料在所有人眼泪都还没干的时候 灯亮了 结束了比心今天陪我疯狂一把的室友回来后定了下个月更疯狂一点的计划哈哈哈借用一下电影里我很喜欢的一句话“我要的不是在寒冬中送我热咖啡的人，而是下雨天陪我一起吃冰的人，我要的不是守护我的人，而是和我一起冒险的人，我要的不是别人，是你” 郑州·郑州轻院第二学生园区,,,郑州·郑州轻院第二学生园区,2019-03-17,荣耀V9 我想要的快,2,0,0,比悲伤更悲伤的故事,
4349902962313055,日常的分享图一 据说今天（oh不 已经是昨天了）是白色情人节 晚上看见papi和老胡上热搜 哇 毫不夸张的说 我酸了 这都是什么神仙爱情 三观一致 打闹斗嘴的日常真的甜到我了 我快变成一只柠檬精了图二 嗯 三月到了 宿舍已然变成生机勃勃 大家都快动起来呀 宿舍坚持不了就去健身房吧图三 佳木送我的泡面碗（虽然小了点）现在已然升级成药碗 鬼知道我拿这个碗喝了多少药 现在一天一杯39感冒灵  感冒快点好吧图四至六 好久没拍的自拍 还找到了一张大一去洛阳的照片 事实证明 角度真的可以影响下巴的出现还有一句 我明早真的可以早起古德奈特 郑州·郑州轻院第二学生园区,"https://wx3.sinaimg.cn/large/c018fc7cly1g12sbnka2fj20u0067dg6.jpg,https://wx4.sinaimg.cn/large/c018fc7cly1g12sbq5605j21hc1z4x6p.jpg,https://wx1.sinaimg.cn/large/c018fc7cly1g12sbshfidj21hc1z4qv5.jpg,https://wx1.sinaimg.cn/large/c018fc7cly1g12sbu02r8j21hc1z44qp.jpg,https://wx2.sinaimg.cn/large/c018fc7cly1g12sbv472kj20u0140wno.jpg,https://wx3.sinaimg.cn/large/c018fc7cly1g12sbw9hcaj20u0140h0a.jpg",,郑州·郑州轻院第二学生园区,2019-03-15,荣耀V9 我想要的快,2,1,0,,
4348448524946746,逛吃 逛喝 逛玩的一天……虽然我又感冒了（不开心(;_;)）吃了两年前吃过的石锅拌饭（两年前的味道记到现在 说明这家真的不错 ）又喝奈雪的茶（除了贵没有其他缺点 这次喝新口味桑椹冰淇淋 其实我超级想要个小勺子）没有买古早味蛋糕🍰二七纪念塔好多人（大学四年竟然一次都没上去过 下次一定要上去一回）买到了好看的衬衫 试到了超适合我的风衣 上身就有神探夏洛克的赶脚下单下单嗯  苹果旗舰店的小哥哥态度真好 看中ipad嗯嗯 还是很喜欢大卫城的（当然不喜欢有奢侈品的一楼 毕竟买不起）嗯嗯嗯 我还不是一只柠檬精 郑州·郑州轻院第二学生园区,"https://wx1.sinaimg.cn/large/c018fc7cly1g0y59tzvedj20u0140awx.jpg,https://wx3.sinaimg.cn/large/c018fc7cly1g0y5a1f9whj23282aoe83.jpg,https://wx2.sinaimg.cn/large/c018fc7cly1g0y5a5hw1yj23282ao4qr.jpg,https://wx2.sinaimg.cn/large/c018fc7cly1g0y59xfhdgj22ao328qv6.jpg,https://wx3.sinaimg.cn/large/c018fc7cly1g0y5a8k8eaj22ao3287wi.jpg,https://wx4.sinaimg.cn/large/c018fc7cly1g0y5aif4xxj22ao328u0y.jpg,https://wx1.sinaimg.cn/large/c018fc7cly1g0y5aday71j23282aonpe.jpg,https://wx2.sinaimg.cn/large/c018fc7cly1g0y5aj6vfqj20hs0hs75d.jpg,https://wx2.sinaimg.cn/large/c018fc7cly1g0y5a9cdehj20k00k0tg5.jpg",,郑州·郑州轻院第二学生园区,2019-03-11,荣耀V9 我想要的快,3,2,0,,
4347697948792752,两件事第一件 我今天删掉了我认为是“好朋友”的微信 没有什么别的原因 就是感觉自己好像一个小丑 无论发什么消息 没有人回应 可是我却每天都可以看见他活跃在朋友圈里 真是讽刺 真是无奈 大概就是不想回应而已吧 没办法 可能我自己把自己想的太重要了 这种感觉跟当年简直一模一样 唯一不一样的是 我 ...全文,"https://wx3.sinaimg.cn/large/c018fc7cly1g0vrb701smj20dc0ea3zr.jpg,https://wx2.sinaimg.cn/large/c018fc7cly1g0vrbn60jng206o06owgu.gif,https://wx4.sinaimg.cn/large/c018fc7cly1g0vrb8c6hij209c09iq33.jpg,https://wx1.sinaimg.cn/large/c018fc7cly1g0vrb8uvquj207606omx5.jpg,https://wx3.sinaimg.cn/large/c018fc7cly1g0vrb9lgwwj20c80ayq3g.jpg,https://wx2.sinaimg.cn/large/c018fc7cly1g0vrbjahh0j20hs0fqq3j.jpg",,,2019-03-08,荣耀V9 我想要的快,2,1,0,,
4345527359035339,今天粗去玩了看了好看的腊梅 和我亲爱的小伙伴出地铁的时候看到郑州 很漂亮真的蛮好看的很舒服的感觉  虽然空气还是不好今天唯二遗憾忘记拍东门那个夜晚在灯光下的学校logo还有就是找兼职的小哥哥蛮好的 可惜去不了啦啦啦啦 郑州·郑州大学新校区,"https://wx4.sinaimg.cn/large/c018fc7cly1g0otqcwrmrj22ao3281kz.jpg,https://wx3.sinaimg.cn/large/c018fc7cly1g0otq0bhzlj21401hcu0x.jpg,https://wx2.sinaimg.cn/large/c018fc7cly1g0otpwslujj21401hcb0m.jpg,https://wx3.sinaimg.cn/large/c018fc7cly1g0otumbrsxj21400u0jwo.jpg,https://wx3.sinaimg.cn/large/c018fc7cly1g0otq703k3j22ao3281kz.jpg,https://wx1.sinaimg.cn/large/c018fc7cly1g0otqieh1dj23282aox6q.jpg,https://wx3.sinaimg.cn/large/c018fc7cly1g0otqja4syj20p00p00tu.jpg,https://wx2.sinaimg.cn/large/c018fc7cly1g0otv2vda2j21400u0457.jpg,https://wx3.sinaimg.cn/large/c018fc7cly1g0ottc7uasj20hs0hsq2y.jpg",,郑州·郑州大学新校区,2019-03-02,荣耀V9 我想要的快,0,1,0,,
4345163004112610,今天去看了绿皮书和我亲爱的小姐姐很好看的影片  适合二刷 三刷美国轻喜剧的感觉  搞笑中带着点点细节的感动尤其是在最后的片段 一起过圣诞节哈哈哈 wonderful day#绿皮书 最佳影片##电影绿皮书# 看完电影我真的是超喜欢那个黑人演员吃炸鸡的时候我只想说一句 真香  哈哈哈哈 郑州·郑州轻院第二学生园区,"https://wx3.sinaimg.cn/large/c018fc7cly1g0nnv7l5bcj20lp0xcwhh.jpg,https://wx3.sinaimg.cn/large/c018fc7cly1g0nnvapt5jj22ao328b2a.jpg,https://wx3.sinaimg.cn/large/c018fc7cly1g0no1xfeh6j20xk1hc17x.jpg",,郑州·郑州轻院第二学生园区,2019-03-01,荣耀V9 我想要的快,0,0,0,"绿皮书 最佳影片,电影绿皮书",
4343583756529979,耳机戴上kindle满电一盒酸奶候车出发  荆州·荆州火车站 ,https://wx1.sinaimg.cn/large/c018fc7cly1g0imtchn4mj21400s6amg.jpg,,荆州·荆州火车站,2019-02-25,荣耀V9 我想要的快,2,0,0,,
4342910708944257,要收拾收拾东西回郑州啦虽然我毕业论文的文献综述还是没写只希望老师不要在我刚回去就让我交 ,https://wx4.sinaimg.cn/large/c018fc7cly1g0ghhlzt7oj20u00lx0ui.jpg,,,2019-02-23,荣耀V9 我想要的快,2,1,0,,
4342252102781913,我本来一点都不急还觉得自己初试考的蛮好的结果   我竟然排到了18名招生目录上可写的是只录取26名啊感觉自己岌岌可危晚上的聊天让我突然好慌啊  感觉自己有种在家里浪费时间的感觉让我赶紧回学校吧我的毕业论文的文献综述可还没有写啊还有呀那个泰国的志愿者  机会真的很好啊我真的好想去啊(✪▽✪),"https://wx2.sinaimg.cn/large/c018fc7cly1g0edkq847yj20u01hcdr5.jpg,https://wx3.sinaimg.cn/large/c018fc7cly1g0edkqsi7ej20u01hcqet.jpg,https://wx1.sinaimg.cn/large/c018fc7cly1g0edkr9913j20u01hcalg.jpg,https://wx4.sinaimg.cn/large/c018fc7cly1g0edkrp79mj20u01hcgxa.jpg,https://wx3.sinaimg.cn/large/c018fc7cly1g0edtjx85zj20u004oabf.jpg,https://wx1.sinaimg.cn/large/c018fc7cly1g0edv7cdj1j20u114mmyq.jpg,https://wx4.sinaimg.cn/large/c018fc7cly1g0edm6lsvmj20fs0ehgmf.jpg,https://wx1.sinaimg.cn/large/c018fc7cly1g0eds9wrrlj20k00glaao.jpg,https://wx3.sinaimg.cn/large/c018fc7cly1g0edm69j5xj20cb08cgnc.jpg",,,2019-02-21,荣耀V9 我想要的快,0,2,0,,
4332487121636179,哈哈哈哈 说好等你回来一起吃饭结果  约早饭被拒绝我真的是要笑死了 ,https://wx2.sinaimg.cn/large/c018fc7cly1fzj8d9pcupj20u01hcdrl.jpg,,,2019-01-25,荣耀V9 我想要的快,0,0,0,,
4327377641336705,一定要把你要的全拿走这歌学会2019第一个小flag成立深深被这歌圈粉  天天单曲循环我怕是有毒你要的全拿走 郑州·郑州轻院第二学生园区 ,,,郑州·郑州轻院第二学生园区,2019-01-11,荣耀V9 我想要的快,1,0,0,,
4325940069343235,最近在健身房老听见这首歌然后做器械训练的时候就跟自己说肉肉都被器械带走了 带走了不过胡彦斌中间的那些歌词我是真心接不上啊只能 噔噔噔噔噔噔 哼哼你要的全拿走 郑州·郑州轻院第二学生园区 ,,,郑州·郑州轻院第二学生园区,2019-01-07,荣耀V9 我想要的快,3,1,0,,
4325465072059004,就是觉得这段话特别好具体哪好 我也不知道就是第一眼看到的时候就被感动到了 郑州·郑州轻院第二学生园区 ,https://wx3.sinaimg.cn/large/c018fc7cly1fywtw94pkgj21hc0u0n9o.jpg,,郑州·郑州轻院第二学生园区,2019-01-06,荣耀V9 我想要的快,2,0,0,,
4325131494756338,说好的在宿舍写论文结果一个下午 论文只写了7个字延禧攻略却看了5集我的论文呀 郑州·郑州轻工业大学生活区 ,"https://wx4.sinaimg.cn/large/c018fc7cly1fyvrjejk2uj20g20g2mxq.jpg,https://wx2.sinaimg.cn/large/c018fc7cly1fyvrknzbj5j215c15c7wh.jpg",,郑州·郑州轻工业大学生活区,2019-01-05,荣耀V9 我想要的快,3,1,0,,
4323418335214912,再见2018你好2019这些都是压箱底的自拍呀明年一定好好拍明年一定好好过我不会再想着去年的跨年毕竟新的一年已经来了😁2019  多多指教啊 开封 ,"https://wx2.sinaimg.cn/large/c018fc7cly1fyqasfdxapj20u01hcn4x.jpg,https://wx4.sinaimg.cn/large/c018fc7cly1fyqasgeevaj21hc1z47wi.jpg,https://wx1.sinaimg.cn/large/c018fc7cly1fyqash55yvj20u01hchdt.jpg,https://wx4.sinaimg.cn/large/c018fc7cly1fyqashpm13j20u01hc7wh.jpg,https://wx3.sinaimg.cn/large/c018fc7cly1fyqasiimdoj20u01hc1kx.jpg,https://wx2.sinaimg.cn/large/c018fc7cly1fyqasj2hzzj20u0140tvt.jpg,https://wx2.sinaimg.cn/large/c018fc7cly1fyqasjmj1pj20u0140toh.jpg,https://wx1.sinaimg.cn/large/c018fc7cly1fyqasju2gxj209q09q0sr.jpg,https://wx2.sinaimg.cn/large/c018fc7cly1fyqask0vf4j20j60j60t1.jpg",,开封,2018-12-31,荣耀V9 我想要的快,3,2,0,,
4307121455041968,永远在纠结明天穿什么更主要的是怕现在穿太厚，更冷的时候不知道穿啥郑州的冬天啊真是有魔力 ,,,,2018-11-16,微博 HTML5 版,0,0,0,,
4284882454636436,找个僻静的地方背书 漯河·许慎文化园(龙江路店) ,"https://wx2.sinaimg.cn/large/c018fc7cly1fvbd1xc4hyj22ao3281l0.jpg,https://wx2.sinaimg.cn/large/c018fc7cly1fvbd1zzncaj22ao328qv7.jpg",,漯河·许慎文化园(龙江路店),2018-09-16,荣耀V9 我想要的快,1,0,0,,
4273795856880366,给个拥抱给我吧  别问为什么😶😶😶😶😶 ,https://wx1.sinaimg.cn/large/c018fc7cly1fubzpskneoj21400zzgss.jpg,,,2018-08-17,荣耀V9 我想要的快,1,2,0,,
4266921681736600,#张杰郑州演唱会##张杰未LIVE巡回演唱会# 见识到了最好的张杰 最好的星海最好的舞台一切都是最好的安排虽然都是高糊图  但是真的是视听盛宴谢谢杰哥  下次一定看内场 ,"https://wx3.sinaimg.cn/large/c018fc7cly1ftq2advsnfj23282ao1kx.jpg,https://wx2.sinaimg.cn/large/c018fc7cly1ftq2agmvpmj23282aoki5.jpg,https://wx1.sinaimg.cn/large/c018fc7cly1ftq2aiht5hj23282aox2o.jpg,https://wx1.sinaimg.cn/large/c018fc7cly1ftq2aknfysj23282ao7wh.jpg,https://wx1.sinaimg.cn/large/c018fc7cly1ftq2amt4rmj23282aokio.jpg,https://wx3.sinaimg.cn/large/c018fc7cly1ftq2app21mj23282aokjl.jpg",,,2018-07-29,荣耀V9 我想要的快,3,0,0,"张杰郑州演唱会,张杰未LIVE巡回演唱会",
4244364026895615,写论文啊写论文眼睛都快看瞎了转眼看看  啊  马上就6000字了啊 我终于要写完了 天啊  怎么还有格式要调 怎么还有英文摘要 怎么还有参考文献 绝望 只想看看在图书馆闭馆前我能写完吗？ 郑州 · 东风路 ,https://wx3.sinaimg.cn/large/c018fc7cly1frq3kzlmbpj20cb08cgnc.jpg,,郑州 · 东风路,2018-05-27,荣耀V9 我想要的快,0,0,0,,
4243866347855190,早上突发奇想  来个雪梨汁吧打开冰箱  咦 梨子貌似被冻坏了没事 我切一下试试咔  切到手了  流血了  疼没事 坚强的接着切嗯  梨就是坏的最后把梨丢了  艰难的找了另一个梨艰难的榨汁还好  最后喝到了雪梨汁 ,"https://wx1.sinaimg.cn/large/c018fc7cly1froif5lqbbj20b40b43yu.jpg,https://wx2.sinaimg.cn/large/c018fc7cly1froif60x6nj20k00k0glx.jpg,https://wx3.sinaimg.cn/large/c018fc7cly1froif6fcxfj208c080dfx.jpg",,,2018-05-26,荣耀V9 我想要的快,1,1,0,,
4242881273760862,长痘之后你再也不是以前那个小仙女了 ,"https://wx1.sinaimg.cn/large/c018fc7cly1frlda2d3zhj20u0140tpc.jpg,https://wx2.sinaimg.cn/large/c018fc7cly1frlda39s16j20u0140qmp.jpg,https://wx4.sinaimg.cn/large/c018fc7cly1frlda412dxj20u0140wyy.jpg",,,2018-05-23,荣耀V9 我想要的快,1,0,0,,
4234685715939301,祝你生日快乐,,,,2018-05-01,生日动态,0,0,0,,
4218369836128546,深夜看完了这一期的王牌对王牌#王牌对王牌# 本身只是想看看杰哥@张杰   的最后哭着听完了明天过后#明天过后-张杰[音乐]##明天过后 张杰# 我喜欢他 从明天过后喜欢起虽然现在已经没有很多时间再去像以前那样疯狂的追着他疯狂的收集他所有的东西疯狂的学会他所有的歌但是 偶像就是偶像依旧会买数字专辑 依旧会听新歌老歌深夜再听明天过后感动到哭我亲爱的偶像我想听你的演唱会这一次 只要你开 不管在哪 “老”星星一定赴约@张杰工作室  @张杰,"https://wx3.sinaimg.cn/large/c018fc7cly1fpf66c5vmtj21z41404qp.jpg,https://wx1.sinaimg.cn/large/c018fc7cly1fpf66dfro9j21z4140ki1.jpg,https://wx2.sinaimg.cn/large/c018fc7cly1fpf66evnvdj22hh3q7hdu.jpg,https://wx3.sinaimg.cn/large/c018fc7cly1fpf66fi4y8j20ue0tzq4n.jpg",,,2018-03-17,荣耀V9 我想要的快,0,0,0,"王牌对王牌,明天过后 张杰","张杰,张杰工作室,张杰"
4208170597781910,超想看我小哥哥我小哥哥唐人街探案2#刘昊然# 想看好看的电影可惜天天忙着没有时间还有好几本书没看唉😔#刘昊然唐人街探案2# 新年最喜欢的还是红包呀  收了红包很开心呀哈哈  新年好呀#喜迎新春# ,"https://wx3.sinaimg.cn/large/c018fc7cgy1foimtm1g9fj20qo1be7ei.jpg,https://wx2.sinaimg.cn/large/c018fc7cgy1foimsqxu75j20qo0qowm3.jpg",https://gslb.miaopai.com/stream/sQgmdRIkYAXTelMFdMQSm3DlZZyccNo3Ck48Qw__.mp4?yx=&refer=weibo_app&mpflag=32&mpr=1519099613&tags=weibocard,,2018-02-16,荣耀V9 我想要的快,2,1,0,"刘昊然,刘昊然唐人街探案2,喜迎新春",
4207473529150922,晚安 ,"https://wx4.sinaimg.cn/large/c018fc7cgy1fogermxj5bj20gd0g8wej.jpg,https://wx4.sinaimg.cn/large/c018fc7cgy1fogernbrhlj20jz0k9t96.jpg",,,2018-02-14,荣耀V9 我想要的快,0,0,0,,
4182068587966144,"#今天是个好日子，太多好消息# 今天有好多好消息 我微博抽奖的手机到了贼开心 我竟然还有这样的运气#刘同##我在未来等你# 我今天还看见了同哥，听了他的演讲拿到了他的签名 我还握了手呢😄😀😀😀😀开心到飞起 呜啦啦啦#你的孤独,虽败犹荣-刘同[图书]##我在未来等你 郑州轻工业学院# 签售会棒棒哒 郑州·郑州轻工业学院","https://wx3.sinaimg.cn/large/c018fc7cly1fm7d1ovlvpj20qo0zk0xr.jpg,https://wx3.sinaimg.cn/large/c018fc7cly1fm7d1pie3dj20qo0zk78v.jpg,https://wx2.sinaimg.cn/large/c018fc7cly1fm7d1q8fqnj20qo0zk0y8.jpg,https://wx3.sinaimg.cn/large/c018fc7cly1fm7d1r946xj20qo0zkgr3.jpg,https://wx4.sinaimg.cn/large/c018fc7cly1fm7d1s11xpj20qo0zk0z2.jpg,https://wx3.sinaimg.cn/large/c018fc7cly1fm7d1soh0lj20qo0zkgrf.jpg,https://wx4.sinaimg.cn/large/c018fc7cly1fm7d1td979j20qo0zkdl8.jpg,https://wx3.sinaimg.cn/large/c018fc7cly1fm7d1u1uuwj20qo0zkwh2.jpg,https://wx2.sinaimg.cn/large/c018fc7cly1fm7d1uuw4kj20qo0zk0ys.jpg",,郑州·郑州轻工业学院,2017-12-06,荣耀V9 我想要的快,3,0,0,"今天是个好日子，太多好消息,刘同,我在未来等你,我在未来等你 郑州轻工业学院",
4182067069514610,哈哈哈 手机到了 好开心啊真心没想到自己会有这样的运气感谢华为大大们 给你们笔芯给你最大的么么哒@华为EMUI  以后一定一如既往支持华为#华为##今天真开心# 😘么么 ,"https://wx4.sinaimg.cn/large/c018fc7cly1fm7cuu8snpj21401z4e17.jpg,https://wx2.sinaimg.cn/large/c018fc7cly1fm7cuv96d6j22ao328qv6.jpg,https://wx1.sinaimg.cn/large/c018fc7cly1fm7cuwaxokj23282aokjm.jpg,https://wx3.sinaimg.cn/large/c018fc7cly1fm7cuxemkcj23282aonpe.jpg,https://wx1.sinaimg.cn/large/c018fc7cly1fm7cuyj9s5j23282aohdu.jpg,https://wx1.sinaimg.cn/large/c018fc7cly1fm7cuzzos5j23282aoqv6.jpg,https://wx2.sinaimg.cn/large/c018fc7cly1fm7cv0xtd6j23282aonpe.jpg,https://wx3.sinaimg.cn/large/c018fc7cly1fm7cv2grbwj23282aokjm.jpg,https://wx3.sinaimg.cn/large/c018fc7cly1fm7cv3lagkj22ao328kjm.jpg",,,2017-12-06,荣耀V9 我想要的快,4,4,0,"华为,今天真开心",华为EMUI
4180865858716662,你对一个人的退而求其次其实是他的爱而不得#一起同过窗第二季##钟白##肖海洋一起同过窗##庞瀚辰# 这一季的一起同过窗 @毕鑫业  @青春剧一起同过窗  感觉编剧走心了很多句子直击心灵😂😂😂😂😂😂😂 ,,,,2017-12-03,荣耀V9 我想要的快,0,1,0,"一起同过窗第二季,钟白,肖海洋一起同过窗,庞瀚辰","毕鑫业,青春剧一起同过窗"
4175862187890653,都说一个人吃火锅 是很孤独的一件事比一个人吃火锅更孤独的是一个人吃火锅 还哼着歌下次我来试试一个人吃火锅看看到底有多孤独😳莫名其妙的想法#一个人吃火锅# ,,,,2017-11-19,一个人吃火锅超话,2,0,0,一个人吃火锅,
4160569462305460,微博爆点 鹿晗关晓彤在一起了身边的人感叹失恋 差点哭我微笑了一下没事 只要我小哥哥不公布恋情我就一直有男朋友 一直不失恋#刘昊然# 😊😊😊😊😊😀😀😀😀😀昨晚看了那年花开#那年花开月正圆#  吴聘跟周莹真的要甜死我了#吴聘不要死##吴聘周莹甜腻了# 怎么破 怎么破 感觉突然很期待爱情唉 躁动的心哟感觉告白即将迎来新的模式大家好 我给大家介绍一下 这是我的男朋友 刘昊然 郑州·郑州轻工业学院图书馆,"https://wx3.sinaimg.cn/large/c018fc7cly1fkarw1cgefj20k00b9jsf.jpg,https://wx2.sinaimg.cn/large/c018fc7cly1fkarw1nx7rj20m80jqmxb.jpg,https://wx2.sinaimg.cn/large/c018fc7cly1fkarw4x78aj20wq1m97t6.jpg,https://wx4.sinaimg.cn/large/c018fc7cly1fkarw2t2crj21st2p81kx.jpg,https://wx4.sinaimg.cn/large/c018fc7cly1fkarw8zsgej22kw3vc1l1.jpg,https://wx4.sinaimg.cn/large/c018fc7cly1fkarwazybtj22p13peqmk.jpg,https://wx1.sinaimg.cn/large/c018fc7cly1fkarwbkndmj20zk0ziwjn.jpg,https://wx2.sinaimg.cn/large/c018fc7cly1fkarwbubgaj20k00u0wfn.jpg,https://wx2.sinaimg.cn/large/c018fc7cly1fkarwgi0kuj21e02gukde.jpg",,郑州·郑州轻工业学院图书馆,2017-10-08,荣耀V9 我想要的快,4,1,0,"刘昊然,那年花开月正圆,吴聘不要死",
4156188368594941,啊啊啊啊，我杰哥终于要当爸爸了，一路走来你们太多不易，也正是因为你们才让我一直无所顾忌的相信爱情。终于你们有了爱情的结晶，不会再受那些流言蜚语的困扰。我亲爱的爱豆，衷心为你祝福#张杰宣布谢娜怀孕# ～#张杰2017我想世界巡演##谢娜怀孕##张杰# 今天一定是个好日子 郑州·郑州轻工业学院 ,"https://wx1.sinaimg.cn/large/c018fc7cly1fjwsnd724uj20qo1bedws.jpg,https://wx4.sinaimg.cn/large/c018fc7cly1fjwsnega4pj20qn140dox.jpg,https://wx4.sinaimg.cn/large/c018fc7cly1fjwsngdqzoj20k00mldhf.jpg,https://wx4.sinaimg.cn/large/c018fc7cly1fjwsnez6eoj20k00k0q4e.jpg,https://wx4.sinaimg.cn/large/c018fc7cly1fjwsnfe032j20g20ex0u6.jpg,https://wx3.sinaimg.cn/large/c018fc7cly1fjwsnftkhaj20k00s5gnq.jpg",,郑州·郑州轻工业学院,2017-09-26,荣耀V9 我想要的快,3,1,0,"张杰宣布谢娜怀孕,张杰2017我想世界巡演,谢娜怀孕,张杰",
4143509248609449,#四六级成绩# 果然啊六级就是用来二战的我能怎样我也很无奈啊 ,,,,2017-08-22,荣耀6 Plus,4,3,0,四六级成绩,
4142140395358078,"刚下单买了""金福珠""同款帆布包登个微博你们怎么就分手了呢#南柱赫李圣经分手##南柱赫李圣经CP##南柱赫##李圣经# 我的壁纸还是你们呢猝不及防 ","https://wx2.sinaimg.cn/large/c018fc7cgy1finzcum7blj209v09vwef.jpg,https://wx3.sinaimg.cn/large/c018fc7cgy1finzcv8rf8j20a00ht752.jpg",,,2017-08-18,荣耀6 Plus,1,1,0,"南柱赫李圣经分手,南柱赫李圣经CP,南柱赫,李圣经",
4108409647404903,果然上天是很公平的你得到了一些东西必然还是会失去一些东西所以这才是能量守恒啊很困 ,,,,2017-05-17,荣耀6 Plus,4,0,0,,
4094892488173183,#张杰2017我想世界巡演##张杰#杰哥二巡就要开始了，可是为啥还是没有郑州😂 😂 😂 等杰哥等的好辛苦@张杰 @张杰我想巡回演唱会 ,,,,2017-04-10,荣耀6 Plus,5,3,0,"张杰2017我想世界巡演,张杰","张杰,张杰我想巡回演唱会"
4089325757537798,五味杂陈的一个星期过去了有生气有开心😊   不过，都过去了。决定了的事情不会变还是要让自己过得更好才好顺便说一句我的多肉都很好正好考虑要不要把它们放在一个花盆里果然生活还是越来越好的 ,"https://wx1.sinaimg.cn/large/c018fc7cly1fdzhoio0bvj20qo0zkq7f.jpg,https://wx3.sinaimg.cn/large/c018fc7cly1fdzhojb6bxj20b308c74o.jpg,https://wx4.sinaimg.cn/large/c018fc7cly1fdzhojrkwbj206o06o0sr.jpg",,,2017-03-25,荣耀6 Plus,3,0,0,,
4085021276743204,祝你生日快乐,,,,2017-03-14,生日动态,2,0,0,,
4083525513069038,突然觉得办活动真是一件极累的事，来回开会，跑这跑那，来回沟通。今天真是身心俱疲，只希望活动不要办砸就好。毕竟很重要 ,,,,2017-03-09,荣耀6 Plus,4,1,0,,
4061082127476291,大晚上的玩牌，玩输了贴纸😂 😂 看看这一个一个的。不过正因为玩牌才把这群可爱的小婊砸们从床上弄下来🙃🙃🙃最后附上别人眼中的我和自己眼中的我，当然，同样都很美腻🤗🤗🤗🤗🤗 郑州·郑州轻院第二学生园区 ,"https://wx3.sinaimg.cn/large/c018fc7cly1fbhduuu2n6j20k00f040l.jpg,https://wx3.sinaimg.cn/large/c018fc7cly1fbhduvd0tij20k00f0gnm.jpg,https://wx4.sinaimg.cn/large/c018fc7cly1fbhduvskanj20k00qojtt.jpg,https://wx2.sinaimg.cn/large/c018fc7cly1fbhduwe5rgj20qo1bagsq.jpg,https://wx3.sinaimg.cn/large/c018fc7cly1fbhduxwi9lj20qo0zk0z4.jpg,https://wx1.sinaimg.cn/large/c018fc7cly1fbhduwz4f0j20qo1ban4f.jpg",,郑州·郑州轻院第二学生园区,2017-01-07,荣耀6 Plus,6,1,0,,
4060721337815435,突然好想要一只粉红色的口红💄 💄  郑州·郑州轻院第二学生园区 ,,,郑州·郑州轻院第二学生园区,2017-01-06,荣耀6 Plus,1,0,0,,
4059799828169605,要不下大雨，要不出太阳，要不刮大风，反正，我要回郑州考试啊😭 😭 😭 😭 😭 😭 😭 😭 😭 😭 😭 😭 😭 😭 😭 😭 😭 😭 😭 大雾预警，高速封路，回不去了，好难过 ,,,,2017-01-03,荣耀6 Plus,1,0,0,,
4054692256274150,一口气买了三张票，哼（虽然都是蚂蚁花呗）一天的各买一张，我就不信我回不去了。学校就是不放考试通知，我真的也是被逼无奈了（票都靠抢呢，领导开车回家不懂坐车回家的苦😒 😒 😒 😒 ） 郑州·郑州轻院第二学生园区 ,https://wx3.sinaimg.cn/large/c018fc7cly1fax00yd2pzj20u01hcdl40.jpg,,郑州·郑州轻院第二学生园区,2016-12-20,荣耀6 Plus,4,5,0,,
4031136592079412,#寻找轻院最美一角#东风校区    一直以来我都觉得教三楼很美，不仅仅只是因为楼顶的大钻石💎 💎 💎 还因为它的高度俯视一切 ,"https://ww1.sinaimg.cn/large/c018fc7cjw1f8tuqk6l5qj20qo1bhtjt.jpg,https://ww1.sinaimg.cn/large/c018fc7cjw1f8tuqkver8j20qo1bh7g1.jpg,https://ww1.sinaimg.cn/large/c018fc7cjw1f8tuqlq7f7j21bh0qogy0.jpg,https://ww3.sinaimg.cn/large/c018fc7cjw1f8tuqmdrxrj20qo0hywit.jpg",,,2016-10-16,荣耀6 Plus,2,0,0,,
4021572945830043,#祝胡歌0920生日快乐#男神，生日快乐 ,"https://ww3.sinaimg.cn/large/c018fc7cjw1f7zcdt03fyj20k00u3jut.jpg,https://ww1.sinaimg.cn/large/c018fc7cjw1f7zcdu16vdj20k00vedhl.jpg,https://ww4.sinaimg.cn/large/c018fc7cjw1f7zcdtzz1vj20k00u00u1.jpg",,,2016-09-20,荣耀6 Plus,0,0,0,祝胡歌0920生日快乐,
4018676275102704,知道什么是幸福么 就是当你满足你喜欢人的愿望 或者给她惊喜的时候 你看到她笑 你不由自主的会跟着笑 这就是幸福的感觉 又是很甜的一句话 ,,,,2016-09-12,荣耀6 Plus,2,0,0,,
4012146952517707,迷之头疼再度来袭，不知道是第几回了，，呵呵哒，再疼下去我就该怀疑自己得病了 ,,,,2016-08-24,荣耀6 Plus,1,8,0,,
4011391389603215,暑假   就是基本一天一次的迷之头疼和迷之胃疼组成的！！！鬼知道我这个暑假为啥这么的不舒服！！！！！！！ ,,,,2016-08-22,荣耀6 Plus,0,2,0,,
4018676275102704,知道什么是幸福么 就是当你满足你喜欢人的愿望 或者给她惊喜的时候 你看到她笑 你不由自主的会跟着笑 这就是幸福的感觉 又是很甜的一句话 ,,,,2016-09-12,荣耀6 Plus,2,0,0,,
4012146952517707,迷之头疼再度来袭，不知道是第几回了，，呵呵哒，再疼下去我就该怀疑自己得病了 ,,,,2016-08-24,荣耀6 Plus,1,8,0,,
3998032612291474,怀念我腿，本来挺白无疤痕。现在每晚被蚊子咬的啊，多少花露水都没有用。果然，挣个钱不容易。不过开心的是，我杰哥我想演唱会。开唱啦！！！！我等待着武汉和西安站，毕竟那是我杰哥，略略略 荆州 · 程集镇 ,"https://ww4.sinaimg.cn/large/c018fc7cgw1f5w8t0qfddj205i0223yb.jpg,https://ww2.sinaimg.cn/large/c018fc7cgw1f5w8t2flgij20nc0n5acl.jpg,https://ww4.sinaimg.cn/large/c018fc7cgw1f5w8t37tvkj201c01c0si.jpg,https://ww2.sinaimg.cn/large/c018fc7cgw1f5w8t36a0aj202d0203ya.jpg",,荆州 · 程集镇,2016-07-17,荣耀6 Plus,5,0,0,,
3997477378046813,明天就是我偶像2016巡回演出会第一场，祝圆满成功，我也想去看，期待我偶像，棒棒哒！#张杰2016我想世界巡演# 荆州 · 程集镇 ,,,荆州 · 程集镇,2016-07-15,荣耀6 Plus,2,0,0,张杰2016我想世界巡演,
3994767102609777,真的有一种天生不适合背书的感觉，整个脑袋都快炸了，可就是记不住，唉～ 郑州 · 东风路 ,,,郑州 · 东风路,2016-07-08,荣耀6 Plus,2,0,0,,
3994375438812391,默默地爬上了床，我是来睡觉的吗？当然不是，我是来看古汉语的，只求不挂😭😭😭 郑州 · 东风路 ,"https://ww3.sinaimg.cn/large/c018fc7cjw1f5kkrt2gu0j204g020wea.jpg,https://ww1.sinaimg.cn/large/c018fc7cjw1f5kkrtkjrpj20k00k0gm7.jpg,https://ww2.sinaimg.cn/large/c018fc7cjw1f5kkrtqzopj205i04i0sl.jpg,https://ww2.sinaimg.cn/large/c018fc7cjw1f5kkshfli7j20qo0qodlt.jpg",,郑州 · 东风路,2016-07-06,荣耀6 Plus,6,1,0,,
3991617533146810,如果关闭一天的社交软件，应该就没有人能找到我了吧😂 😂 😂 😂 😂  所以说，有事你就打电话，发什么QQ微信啊😏 😏 😏 郑州 · 东风路 ,,,郑州 · 东风路,2016-06-29,荣耀6 Plus,3,0,0,,
3990408038554155,告白气球，最近听的最多的一首歌。 郑州 · 东风路 ,,,郑州 · 东风路,2016-06-26,荣耀6 Plus,4,1,0,,
3988607213630917,今天我的「微博等级」又升一级，记录一下我在微博的成就我的微博等级 ,https://ww2.sinaimg.cn/large/c018fc7cjw1f526bm0oc0j20ez0k2jtk.jpg,,,2016-06-21,微博等级,0,0,0,,
3986620006543628,每天都是笑嘻嘻的😁 😁 😁 😁 😁 郑州 · 东风路 ,,,郑州 · 东风路,2016-06-15,荣耀6 Plus,2,1,0,,
3986357552938272,6.12 郑州 · 东风路 ,,,郑州 · 东风路,2016-06-14,荣耀6 Plus,2,1,0,,
3984965337713961,我敢说我饿了吗？这大晚上的。 然而又在担心明天郑州下大雨回不去，要是真回不去怎么破？？ 平顶山 · 矿工路街区 ,,,平顶山 · 矿工路街区,2016-06-10,荣耀6 Plus,2,2,0,,
3982927001972353,明明昨天晚上2点睡，早上7点就醒了，折腾到现在，还是没办法重新睡着，我好无奈😭😭 郑州 · 东风路 ,,,郑州 · 东风路,2016-06-05,荣耀6 Plus,3,1,0,,
3981639299972393,在我认为一个不属于我的节日，收到这么多糖，还挺感谢大家的厚爱的，不过啊，，我不太喜欢吃糖😂 😂 😂 😂 对，没错，我就傲娇了😂 😂 😂 郑州 · 东风路 ,,,郑州 · 东风路,2016-06-01,荣耀6 Plus,3,3,0,,
3981525559228472,谁能赐我一盒药💊 ，，，，让我晚上睡得着，上课不睡觉😏 😏 😏 😏 郑州 · 东风路 ,,,郑州 · 东风路,2016-06-01,荣耀6 Plus,3,2,0,,
3981223279882657,现代汉语语法课，昏昏欲睡。 郑州 · 东风路 ,,,郑州 · 东风路,2016-05-31,荣耀6 Plus,2,0,0,,
3980767946698185,果不其然，一个球都没发进，，哇咔咔，零分。其实我是很难过的😂 😂 😂 😭 😭 😭 😭 😭 郑州 · 东风路 ,,,郑州 · 东风路,2016-05-30,荣耀6 Plus,3,1,0,,
3980620961619914,事实告诉我，周末不能全去浪，后果就是浑身酸疼，以及手都抬不起来了😂 😂虽然是打球打的，但这两天真的特别累，作业也没怎么写，大晚上赶作业我也是不容易。不过今天我很开心，特别开心。真心的跟发疯一样的开心😊 美好的两天过去了，我觉得有事情我已经明白了，世界晚安！ 郑州 · 东风路 ,"https://ww1.sinaimg.cn/large/c018fc7cjw1f4cp41p7jjj21f42ioe81.jpg,https://ww4.sinaimg.cn/large/c018fc7cjw1f4cp42ealbj20k00zk0ta.jpg,https://ww2.sinaimg.cn/large/c018fc7cjw1f4cp42yjnrj204g03wwe9.jpg",,郑州 · 东风路,2016-05-29,荣耀6 Plus,5,4,0,,
3980483534508033,聚餐聚到现在，玩游戏玩的真嗨被坑了好多好多次😂 😂 😂 😂 😂 看来今天运气真心太好，晚上去看国教的毕业生晚会，我可以见到LH了，帅帅的学长哇咔咔😁 😁 可惜今天我都没时间写作业了，怎么破😰 😰 😰 😰 😰 😰 郑州 · 天旺广场 ,,,郑州 · 天旺广场,2016-05-29,荣耀6 Plus,1,1,0,,
3977605168965057,#忆往轻深#王洗脸好棒！！！！ ,,,,2016-05-21,荣耀6 Plus,3,0,0,忆往轻深,
3977604241448480,#忆往轻深#洗脸学长好帅，棒棒哒！！！！ 郑州 · 东风路 ,,,郑州 · 东风路,2016-05-21,荣耀6 Plus,1,0,0,忆往轻深,
3977604078211388,#忆往轻深#洗脸好帅，洗脸加油 郑州 · 东风路 ,,,郑州 · 东风路,2016-05-21,荣耀6 Plus,0,0,0,忆往轻深,
3977287974715226,哈哈哈 郑州 · 东风路 ,"https://ww3.sinaimg.cn/large/c018fc7cjw1f422bfw9hkj20qo11caaz.jpg,https://ww4.sinaimg.cn/large/c018fc7cjw1f422bgm3oxj202602idfn.jpg,https://ww4.sinaimg.cn/large/c018fc7cjw1f422bgqjgqj20bs0bv74y.jpg,https://ww1.sinaimg.cn/large/c018fc7cjw1f422bh8sx6j20qo0zkwjh.jpg",,郑州 · 东风路,2016-05-20,荣耀6 Plus,3,2,0,,
3975231187888428,我真的有很仔细的想过，如果不看这次杰哥的演唱会，我一定会后悔。我开心并且快乐的爱了他那么多年，看着他一点点的变得更好，看着他幸福。谢谢你们，谢谢张杰谢娜，因为有你们我才一直会相信着爱情。这一期的快本，我很感动，感受到了满满的祝福，我爱我杰#张杰谢娜#@谢娜 @张杰 郑州 · 东风路 ,"https://ww1.sinaimg.cn/large/c018fc7cjw1f3vi31isi1j21bf0qogry.jpg,https://ww4.sinaimg.cn/large/c018fc7cjw1f3vi31spfij21bf0qogrc.jpg,https://ww1.sinaimg.cn/large/c018fc7cjw1f3vi32ohwzj215w0qogrb.jpg,https://ww2.sinaimg.cn/large/c018fc7cjw1f3vi3343kcj21410qoafz.jpg,https://ww2.sinaimg.cn/large/c018fc7cjw1f3vi33caddj21410qojwo.jpg,https://ww3.sinaimg.cn/large/c018fc7cjw1f3vi33xl6sj21410qojtx.jpg,https://ww4.sinaimg.cn/large/c018fc7cjw1f3vi357lyuj213z0qojwb.jpg,https://ww2.sinaimg.cn/large/c018fc7cjw1f3vi35newlj20ku0qx40o.jpg",,郑州 · 东风路,2016-05-15,荣耀6 Plus,14,0,2,张杰谢娜,"谢娜,张杰"
3975203765716714,写完了写完了，我要在所有的社交软件上都好好纪念一下，哇咔咔哇咔咔。哈哈哈😂 😂 😂 😂 可以睡觉啦，毕竟辛苦的写了一天作业😂 😂 😂 (配图就配有才发现的帅哥的照片吧) 郑州 · 东风路 ,"https://ww2.sinaimg.cn/large/c018fc7cjw1f3vex8dtj9j20fu06nacn.jpg,https://ww3.sinaimg.cn/large/c018fc7cjw1f3vex8afkoj20fv07979f.jpg,https://ww2.sinaimg.cn/large/c018fc7cjw1f3vexmd48jj20pd190e81.jpg,https://ww3.sinaimg.cn/large/c018fc7cjw1f3vexnnc54j20u01hc14u.jpg,https://ww3.sinaimg.cn/large/c018fc7cjw1f3vexivqtcj237k2eoe84.jpg,https://ww4.sinaimg.cn/large/c018fc7cjw1f3vexo8rh8j20ko10s408.jpg,https://ww2.sinaimg.cn/large/c018fc7cjw1f3vexozmzzj21000qoq6e.jpg",,郑州 · 东风路,2016-05-15,荣耀6 Plus,4,1,0,,
3975170391888270,永明体写的我尴尬症马上就要犯了！！！！！！写了快一天的魏晋南北朝诗歌发展历史勾勒，现在的想法就是，什么时候是个头，，快赐我一把刀，只想吐血自尽！！！！！！！！！！！！！ 郑州 · 东风路 ,,,郑州 · 东风路,2016-05-14,荣耀6 Plus,3,0,0,,
3973131188434981,老实的待着 郑州 · 东风路 ,,,郑州 · 东风路,2016-05-09,荣耀6 Plus,3,2,0,,
3968426491842321,上课像我这样玩自拍的也是没谁了 郑州 · 东风路 ,"https://ww3.sinaimg.cn/large/c018fc7cjw1f39sl6mrpgj20k00wwn02.jpg,https://ww1.sinaimg.cn/large/c018fc7cjw1f39sl6we35j20c80e5q43.jpg,https://ww2.sinaimg.cn/large/c018fc7cjw1f39sl79wlfj20c80gvabh.jpg,https://ww3.sinaimg.cn/large/c018fc7cjw1f39sl7vdu7j20c80lqmz3.jpg",,郑州 · 东风路,2016-04-26,荣耀6 Plus,1,0,0,,
3966135365736402,生日快乐，思密达，亲爱的自己！！！ 郑州 · 东风路 ,"https://ww2.sinaimg.cn/large/c018fc7cjw1f32hgbk3lpj20hs0npq5j.jpg,https://ww2.sinaimg.cn/large/c018fc7cjw1f32hgcs7szj20hs0vjh1f.jpg,https://ww4.sinaimg.cn/large/c018fc7cjw1f32hgesdd3j20pd1901kx.jpg,https://ww1.sinaimg.cn/large/c018fc7cjw1f32hggh5doj20u01dcnjw.jpg,https://ww3.sinaimg.cn/large/c018fc7cjw1f32hgk04mrj21f42ioqv5.jpg,https://ww2.sinaimg.cn/large/c018fc7cjw1f32hglc667j20sr1907f0.jpg,https://ww4.sinaimg.cn/large/c018fc7cjw1f32hgly0bwj20zk0qon6a.jpg,https://ww4.sinaimg.cn/large/c018fc7cjw1f32hgnemt3j20v91jln9z.jpg,https://ww1.sinaimg.cn/large/c018fc7cjw1f32hgs23poj21sw37kx6q.jpg",,郑州 · 东风路,2016-04-20,荣耀6 Plus,11,4,0,,
3960468487594523,洛阳行，圆满结束，以后接着浪。。。。 洛阳·隋唐洛阳城明堂遗址 ,"https://ww1.sinaimg.cn/large/c018fc7cjw1f2kembrt7oj22io1f4b29.jpg,https://ww4.sinaimg.cn/large/c018fc7cjw1f2kemervyxj237k1swkjm.jpg,https://ww2.sinaimg.cn/large/c018fc7cjw1f2kemhix5sj237k1swkjm.jpg,https://ww1.sinaimg.cn/large/c018fc7cjw1f2kemkcvjmj21sw37khdu.jpg,https://ww1.sinaimg.cn/large/c018fc7cjw1f2kemlwu60j20zk0qoq96.jpg,https://ww3.sinaimg.cn/large/c018fc7cjw1f2kemnr6b4j21hc140dsg.jpg,https://ww4.sinaimg.cn/large/c018fc7cjw1f2kempe4xpj21f42io7wh.jpg,https://ww3.sinaimg.cn/large/c018fc7cjw1f2kems0yizj237k1swb2a.jpg,https://ww2.sinaimg.cn/large/c018fc7cjw1f2kemujzbxj237k1swkjm.jpg",,洛阳·隋唐洛阳城明堂遗址,2016-04-04,荣耀6 Plus,5,0,0,,
3958867505830809,我就是操太多的心  想太多的事，所以才会身心俱疲啊 ,,,,2016-03-30,荣耀6 Plus,1,0,0,,
3957180556279434,今早上刚刚得知一个道理，原来所有的难过都只是因为不懂珍惜。嗯，就是这样 ,,,,2016-03-26,荣耀6 Plus,1,0,0,,
3952128135467872,植树小疯队！！@郑轻-外国语学院 ,"https://ww3.sinaimg.cn/large/c018fc7cjw1f1tsquk2dsj20qo1bhasb.jpg,https://ww4.sinaimg.cn/large/c018fc7cjw1f1tsqwbbn9j20qo1bh49l.jpg,https://ww1.sinaimg.cn/large/c018fc7cjw1f1tsqxrdgqj20qo1bhn7t.jpg",,,2016-03-12,荣耀6 Plus,3,0,0,,郑轻-外国语学院
3944710538220636,这么早睡觉，觉得好无奈#假期别走# ,https://ww1.sinaimg.cn/large/c018fc7cjw1f164uw0jwej20qo1bak43.jpg,,,2016-02-20,荣耀6 Plus,2,2,0,假期别走,
3940284859697914,躲不了朴舒俊的迷人笑容，，太帅了 ,"https://ww3.sinaimg.cn/large/c018fc7cgw1f0s0klrcbgj20ec0ec74t.jpg,https://ww4.sinaimg.cn/large/c018fc7cgw1f0s0kmbwn9j20cs0iw3yy.jpg",,,2016-02-08,荣耀6 Plus,11,0,0,,
3929781688961020,如果古代汉语能很顺利过关，，那我就哭吧 😭 😭 😭 😭 😭 😭 😭 😭 😭 😭 😭 ,,,,2016-01-10,荣耀6 Plus,0,0,0,,
3924620933850522,去见你相见的人吧 趁阳光正好 趁微风不燥 趁你还年轻 趁他还未老@萌萌哒张文 爱你爱你哟 ,,,,2015-12-27,荣耀6 Plus,0,0,0,,萌萌哒张文
3924620501894793,美好的一天，巴拉巴拉 ,,,,2015-12-27,荣耀6 Plus,0,0,0,,
3920788186799211,跑完步回来学吉他，看装逼的本宝宝 ,https://ww1.sinaimg.cn/large/c018fc7cjw1ez1texw0oej20f10qota6.jpg,,,2015-12-16,荣耀6 Plus,2,2,0,,
3919271912106195,看看今天的天气指数，竟然是良 😱 😱 😱 😱 😱 😱宝宝快被吓傻了，还愣着干什么，快出去跑跑。我都待床上一天了 ,,,,2015-12-12,荣耀6 Plus,0,1,0,,
3918975924362416,想念我的大湖北。。小伙伴们记得等我回去带我飞。小伙伴自己下火锅，我却在火锅店里吃火锅想和小伙伴们一起玩耍。。。。PS:附上今天肿的像金鱼的眼，希望明天起来好好的！[给劲][给劲][给劲] ,"https://ww1.sinaimg.cn/large/c018fc7cjw1eyw19xr073j20p118gtdu.jpg,https://ww3.sinaimg.cn/large/c018fc7cjw1eyw1a1m7f3j20oy18gk02.jpg,https://ww3.sinaimg.cn/large/c018fc7cjw1eyw1a23p73j20qo0k00v3.jpg",,,2015-12-11,荣耀6 Plus,1,0,0,,
3918524453508205,#最美的时光在青协#愿青协越来越棒！大外联棒棒哒 ,,,,2015-12-10,荣耀6 Plus,0,0,0,最美的时光在青协,
3918239413340251,@nbbigmilk 看我们两个萌的，两个傻狍子 ,https://ww1.sinaimg.cn/large/c018fc7cjw1eytoob0v2cj20p118g7cc.jpg,,,2015-12-09,荣耀6 Plus,3,0,0,,nbbigmilk
3917402297762714,😂 😂 😂 😂 😂 😂 😂 ,https://ww1.sinaimg.cn/large/c018fc7cjw1eyr0jrcad6j20hs0jfmxt.jpg,,,2015-12-07,荣耀6 Plus,0,0,0,,
3915159816410880,12月来了，不管我的11月怎么样，但2015年的最后一个月，我还是会努力过好每一天。12月，加油喽，我亲爱的自己！ 😘 😘 😘 ,,,,2015-12-01,荣耀6 Plus,2,0,0,,
3914561268267226,无聊就来点自拍吧！ 😁 😁 😁 😁 😁 😁 ,"https://ww3.sinaimg.cn/large/c018fc7cjw1eyhy944lo0j20p118gq7y.jpg,https://ww2.sinaimg.cn/large/c018fc7cjw1eyhy962oegj20p118gn2i.jpg,https://ww1.sinaimg.cn/large/c018fc7cjw1eyhy9aqf7pj20p118gagf.jpg",,,2015-11-29,荣耀6 Plus,3,2,0,,
3913502739246579,值了一天的班，从早上10点到下午4点半，两个社团。虽然冷，但还是很开心。回来之后整个人都是冰的，暖了一会整个人都是烫的。体温计一量，38.3。整个人都不好了。第一次郑州感冒，第一次郑州发烧。第一次睡这么早，第一次感觉头的温度可以煮鸡蛋。睡吧睡吧，希望明天一觉起来，我会很好，不再难受 😣 ,,,,2015-11-26,荣耀6 Plus,1,1,0,,
3911946551939390,不是束缚，而应该是成全。 ,,,,2015-11-22,荣耀6 Plus,0,0,0,,
3911295785162919,别逼我爆粗口，一直以来能忍我都忍，哪怕跟你绝交我都觉得他妈的是我的错。你别太过分，你把我当儿戏，不在乎。那好，以后你在我面前也只是空气！ 😡 😡 😡 😡 😡 😡 😡 😡 😡 ,,,,2015-11-20,荣耀6 Plus,0,2,0,,
3909915480984931,强撑着 ,,,,2015-11-16,荣耀6 Plus,0,0,0,,
3906897767513778,#我和记者有个约会#小伙伴们，快出来，让我们一起迎接记者节 ,,,,2015-11-08,荣耀6 Plus,0,0,0,我和记者有个约会,
3901863885530708,人总要学会成长 ,,,,2015-10-25,荣耀6 Plus,0,0,0,,
3901520687035092,真的有点小累 ,,,,2015-10-24,荣耀6 Plus,0,0,0,,
3879042509851321,我懂的要怎么样好好爱护自己，好好爱自己，比什么都强 荆州 · 程集镇 ,,,荆州 · 程集镇,2015-08-23,荣耀6 Plus,0,0,0,,
3869353840208755,#真心英雄张杰#对我们而言，你就是夜空中最亮的星，张三岁，抱好你的包袱，加油哦~星星们挺你！ #真心英雄# ,,,,2015-07-27,荣耀6 Plus,0,0,0,"真心英雄张杰,真心英雄",
3860246151946666,今天小美的东西到了，，真快啊  觉得真好，，没花一分钱就拿到了如此满意的东西，，感谢欧哥，希望以后这样的活动越来越多才好，，相信聚美，以后会继续在聚美买很多很多东西的@聚美陈欧 ,"https://ww4.sinaimg.cn/large/c018fc7cjw1etoo97s4isj20xc18gth1.jpg,https://ww1.sinaimg.cn/large/c018fc7cjw1etoo99bng2j20xc18gn5g.jpg,https://ww3.sinaimg.cn/large/c018fc7cjw1etoo9aj7gtj20xc18gwo6.jpg",,,2015-07-02,荣耀6 Plus,3,1,0,,聚美陈欧
3858090233731144,我很记仇，，当初你的那句近乎执念的关心，，我会一直记在心里，直到我彻底把你忘记，再见吧， 我想再联络我会讨厌你的 荆州 · 程集镇 ,,,荆州 · 程集镇,2015-06-26,荣耀6 Plus,0,0,0,,
3856885176529476,语文太差，，数学也没考好，所以总分也不怎么样 荆州 · 监利县 ,https://ww4.sinaimg.cn/large/c018fc7cjw1etdy8syo7pj20u00u00uu.jpg,,荆州 · 监利县,2015-06-23,荣耀6 Plus,1,4,0,,
3856773830543415,决定命运的时刻来临了 荆州 · 监利县 ,,,荆州 · 监利县,2015-06-23,荣耀6 Plus,0,4,0,,
3856537041159239,#iReader晒签到得大奖#  @掌阅iReader，我今天在iReader书城签到抽中了16阅饼代金券！连续签到30天，即可抽取惊喜大奖！@掌阅iReader 签到微博 ,https://ww1.sinaimg.cn/large/c018fc7cjw1etcu9thopsj203t03twei.jpg,,,2015-06-22,iReader_定制版,0,0,0,iReader晒签到得大奖,"掌阅iReader,掌阅iReader"
3856536558454345,快来看看我的新晋五（六）大男神——最后一个还在纠结他还算不算 荆州 · 监利县 ,"https://ww3.sinaimg.cn/large/c018fc7cjw1etcu6wqyw9j20tm18ggqg.jpg,https://ww1.sinaimg.cn/large/c018fc7cjw1etcu6xouj1j20lb0zkdio.jpg,https://ww4.sinaimg.cn/large/c018fc7cjw1etcu6yfyj5j20vq18ggx5.jpg,https://ww1.sinaimg.cn/large/c018fc7cjw1etcu6yrorhj218g0xcjux.jpg,https://ww3.sinaimg.cn/large/c018fc7cjw1etcu6zasn1j20rs17043x.jpg,https://ww3.sinaimg.cn/large/c018fc7cjw1etcu703y2nj208c0b6jru.jpg",,荆州 · 监利县,2015-06-22,荣耀6 Plus,1,1,0,,
3856485077693542,其实我是一个很胆小的人，到底怎么办？ 荆州 · 监利县 ,,,荆州 · 监利县,2015-06-22,荣耀6 Plus,0,0,0,,
3856484955934287,怎么办，，明天就要出分了，，，不敢面对啊 荆州 · 监利县 ,,,荆州 · 监利县,2015-06-22,荣耀6 Plus,0,0,0,,
3856127257605504,#掌阅iReader阅读分享#无聊度日是可耻的，看看这本《让我爱你，永远为期》吧！让你的生活丰富起来！@掌阅iReader 网页链接 ,https://ww1.sinaimg.cn/large/c018fc7cjw1etbj7jjhjyj205k07eglr.jpg,,,2015-06-21,iReader_定制版,0,0,0,掌阅iReader阅读分享,掌阅iReader
3855085505643809,#iReader晒签到得大奖#  @掌阅iReader，我今天在iReader书城签到抽中了26阅饼代金券！连续签到30天，即可抽取惊喜大奖！@掌阅iReader 签到微博 ,https://ww3.sinaimg.cn/large/c018fc7cjw1et87kdnfz1j203t03twei.jpg,,,2015-06-18,iReader_定制版,0,0,0,iReader晒签到得大奖,"掌阅iReader,掌阅iReader"
3854796526449623,来张美美的自拍吧 荆州 · 监利县 ,"https://ww2.sinaimg.cn/large/c018fc7cjw1et7adbajk0j20p118gn1w.jpg,https://ww4.sinaimg.cn/large/c018fc7cjw1et7adbu1m8j20p118g0xk.jpg",,荆州 · 监利县,2015-06-17,荣耀6 Plus,3,0,0,,
3854667245283840,#iReader晒签到得大奖#  @掌阅iReader，我今天在iReader书城签到抽中了16阅饼代金券！连续签到30天，即可抽取惊喜大奖！@掌阅iReader 签到微博 ,https://ww2.sinaimg.cn/large/c018fc7cjw1et6vj23ollj203t03twei.jpg,,,2015-06-17,iReader_定制版,0,0,0,iReader晒签到得大奖,"掌阅iReader,掌阅iReader"
3854443554838065,其实一直很担心，如果没有考好，那么我的未来，何去何从？ 荆州 · 监利县 ,,,荆州 · 监利县,2015-06-16,荣耀6 Plus,0,0,0,,
3854059427496037,微博升等级能免费拿惊喜成长礼哦，我刚刚在#微博等级专享礼#中领取了由@滴滴打车 提供的打车现金券努力升级赢豪礼，以后致富就靠它！小伙伴们速度围观我的微博等级 ,,,,2015-06-15,微博等级,0,0,0,微博等级专享礼,滴滴打车
3854059389744153,能拿奖品这种事一定要和大家说一说的，否则以后还怎么在一起愉快的玩耍我刚获得了#微博等级专享礼#提供的288个@新浪爱彩 竞猜豆，可以免费竞猜赚取更多猜豆兑换MacBook、iPhone6等礼品，变身土豪就靠它了快去领取你的专享礼吧我的微博等级 ,,,,2015-06-15,微博等级,0,0,0,微博等级专享礼,新浪爱彩
3854059243254279,不知道还能不能出去玩啊 荆州市监利县 ,,,荆州市监利县,2015-06-15,荣耀6 Plus,0,0,0,,
3854004130291473,美丽的人儿 江城路 ,"https://ww3.sinaimg.cn/large/c018fc7cjw1et4rd4ftqwj20f10qoq4b.jpg,https://ww2.sinaimg.cn/large/c018fc7cjw1et4rd4zid8j20f10qot9v.jpg",,江城路,2015-06-15,荣耀6 Plus,1,2,0,,
3853574826593630,知道你是护着她的，，害怕她受伤害，可是，我真的有那么恐怖吗？我明明什么都没有做。既然你要和我和好，为什么不能彻底，何必虚情假意！ ,,,,2015-06-14,荣耀6 Plus,0,0,0,,
